<code_scheme name="Default" version="173">
  <option name="HTML_ALIGN_TEXT" value="true" />
  <option name="HTML_SPACE_AFTER_TAG_NAME" value="true" />
  <option name="ALIGN_MULTILINE_PARAMETERS_IN_CALLS" value="true" />
  <HTMLCodeStyleSettings>
    <option name="HTML_ALIGN_TEXT" value="true" />
    <option name="HTML_SPACE_AFTER_TAG_NAME" value="true" />
  </HTMLCodeStyleSettings>
  <JSCodeStyleSettings>
    <option name="USE_CHAINED_CALLS_GROUP_INDENTS" value="true" />
  </JSCodeStyleSettings>
  <Python>
    <option name="NEW_LINE_AFTER_COLON" value="true" />
    <option name="BLANK_LINES_AFTER_LOCAL_IMPORTS" value="2" />
    <option name="USE_CONTINUATION_INDENT_FOR_ARGUMENTS" value="true" />
    <option name="OPTIMIZE_IMPORTS_SORT_NAMES_IN_FROM_IMPORTS" value="true" />
    <option name="OPTIMIZE_IMPORTS_JOIN_FROM_IMPORTS_WITH_SAME_SOURCE" value="true" />
    <option name="FROM_IMPORT_PARENTHESES_FORCE_IF_MULTILINE" value="true" />
    <option name="HANG_CLOSING_BRACKETS" value="true" />
  </Python>
  <codeStyleSettings language="Python">
    <option name="RIGHT_MARGIN" value="80" />
    <option name="KEEP_LINE_BREAKS" value="false" />
    <option name="KEEP_BLANK_LINES_IN_DECLARATIONS" value="2" />
    <option name="BLANK_LINES_AROUND_CLASS" value="2" />
    <option name="WRAP_LONG_LINES" value="true" />
    <option name="WRAP_ON_TYPING" value="0" />
  </codeStyleSettings>
</code_scheme>