<application>
  <component name="ProjectJdkTable">
    <jdk version="2">
      <name value="Python 2.7" />
      <type value="Python SDK" />
      <version value="Python 2.7.5" />
      <homePath value="/usr/bin/python2.7" />
      <roots>
        <classPath>
          <root type="composite">
            <root url="file:///usr/lib64/python2.7" type="simple" />
            <root url="file:///usr/lib64/python2.7/plat-linux2" type="simple" />
            <root url="file:///usr/lib64/python2.7/lib-dynload" type="simple" />
            <root url="file://$USER_HOME$/.local/lib/python2.7/site-packages" type="simple" />
            <root url="file:///usr/lib64/python2.7/site-packages" type="simple" />
            <root url="file:///usr/lib64/python2.7/site-packages/gtk-2.0" type="simple" />
            <root url="file:///usr/lib/python2.7/site-packages" type="simple" />
            <root url="file://$USER_HOME$/.PyCharmCE2018.3/system/python_stubs/-1247972723" type="simple" />
            <root url="file://$APPLICATION_HOME_DIR$/helpers/python-skeletons" type="simple" />
            <root url="file://$APPLICATION_HOME_DIR$/helpers/typeshed/stdlib/2" type="simple" />
            <root url="file://$APPLICATION_HOME_DIR$/helpers/typeshed/stdlib/2and3" type="simple" />
            <root url="file://$APPLICATION_HOME_DIR$/helpers/typeshed/third_party/2" type="simple" />
            <root url="file://$APPLICATION_HOME_DIR$/helpers/typeshed/third_party/2and3" type="simple" />
          </root>
        </classPath>
        <sourcePath>
          <root type="composite" />
        </sourcePath>
      </roots>
      <additional />
    </jdk>
    <jdk version="2">
      <name value="sensor-ui" />
      <type value="Python SDK" />
      <homePath value="$USER_HOME$/Projects/python/sensor_ui/env/bin/python3.6" />
      <roots>
        <classPath>
          <root type="composite">
            <root url="file:///usr/lib64/python3.6" type="simple" />
            <root url="file:///usr/lib64/python3.6/lib-dynload" type="simple" />
            <root url="file://$USER_HOME$/Projects/python/sensor_ui/env/lib64/python3.6/site-packages" type="simple" />
            <root url="file://$USER_HOME$/Projects/python/sensor_ui/env/lib/python3.6/site-packages" type="simple" />
            <root url="file://$USER_HOME$/.PyCharmCE2018.3/system/python_stubs/-879553381" type="simple" />
            <root url="file://$APPLICATION_HOME_DIR$/helpers/python-skeletons" type="simple" />
            <root url="file://$APPLICATION_HOME_DIR$/helpers/typeshed/stdlib/3" type="simple" />
            <root url="file://$APPLICATION_HOME_DIR$/helpers/typeshed/stdlib/2and3" type="simple" />
            <root url="file://$APPLICATION_HOME_DIR$/helpers/typeshed/third_party/3" type="simple" />
            <root url="file://$APPLICATION_HOME_DIR$/helpers/typeshed/third_party/2and3" type="simple" />
          </root>
        </classPath>
        <sourcePath>
          <root type="composite" />
        </sourcePath>
      </roots>
      <additional ASSOCIATED_PROJECT_PATH="$USER_HOME$/Projects/python/sensor_ui/code" />
    </jdk>
    <jdk version="2">
      <name value="web-console" />
      <type value="Python SDK" />
      <version value="Python 3.6.7" />
      <homePath value="$USER_HOME$/Projects/python/web-console/env/bin/python3.6" />
      <roots>
        <classPath>
          <root type="composite">
            <root url="file://$USER_HOME$/Projects/python/web-console/env/lib64/python3.6" type="simple" />
            <root url="file://$USER_HOME$/Projects/python/web-console/env/lib64/python3.6/lib-dynload" type="simple" />
            <root url="file:///usr/lib64/python3.6" type="simple" />
            <root url="file:///usr/lib/python3.6" type="simple" />
            <root url="file://$USER_HOME$/Projects/python/web-console/env/lib/python3.6/site-packages" type="simple" />
            <root url="file://$USER_HOME$/.PyCharmCE2018.3/system/python_stubs/1243760896" type="simple" />
            <root url="file://$APPLICATION_HOME_DIR$/helpers/python-skeletons" type="simple" />
            <root url="file://$APPLICATION_HOME_DIR$/helpers/typeshed/stdlib/3" type="simple" />
            <root url="file://$APPLICATION_HOME_DIR$/helpers/typeshed/stdlib/2and3" type="simple" />
            <root url="file://$APPLICATION_HOME_DIR$/helpers/typeshed/third_party/3" type="simple" />
            <root url="file://$APPLICATION_HOME_DIR$/helpers/typeshed/third_party/2and3" type="simple" />
          </root>
        </classPath>
        <sourcePath>
          <root type="composite" />
        </sourcePath>
      </roots>
      <additional ASSOCIATED_PROJECT_PATH="$USER_HOME$/Projects/python/web-console/code" />
    </jdk>
    <jdk version="2">
      <name value="avapot_core" />
      <type value="Python SDK" />
      <version value="Python 2.7.5" />
      <homePath value="$USER_HOME$/Projects/python/avapot_core/env/bin/python2.7" />
      <roots>
        <classPath>
          <root type="composite">
            <root url="file://$USER_HOME$/Projects/python/avapot_core/env/lib64/python2.7" type="simple" />
            <root url="file://$USER_HOME$/Projects/python/avapot_core/env/lib64/python2.7/lib-dynload" type="simple" />
            <root url="file:///usr/lib64/python2.7" type="simple" />
            <root url="file:///usr/lib/python2.7" type="simple" />
            <root url="file://$USER_HOME$/Projects/python/avapot_core/env/lib/python2.7/site-packages" type="simple" />
            <root url="file://$USER_HOME$/.PyCharmCE2018.3/system/python_stubs/-930572361" type="simple" />
            <root url="file://$APPLICATION_HOME_DIR$/helpers/python-skeletons" type="simple" />
            <root url="file://$APPLICATION_HOME_DIR$/helpers/typeshed/stdlib/2" type="simple" />
            <root url="file://$APPLICATION_HOME_DIR$/helpers/typeshed/stdlib/2and3" type="simple" />
            <root url="file://$APPLICATION_HOME_DIR$/helpers/typeshed/third_party/2" type="simple" />
            <root url="file://$APPLICATION_HOME_DIR$/helpers/typeshed/third_party/2and3" type="simple" />
          </root>
        </classPath>
        <sourcePath>
          <root type="composite" />
        </sourcePath>
      </roots>
      <additional ASSOCIATED_PROJECT_PATH="$USER_HOME$/Projects/python/avapot_core/code" />
    </jdk>
    <jdk version="2">
      <name value="sensor_req" />
      <type value="Python SDK" />
      <version value="Python 3.6.7" />
      <homePath value="$USER_HOME$/Projects/python/sensor_req/env/bin/python3.6" />
      <roots>
        <classPath>
          <root type="composite">
            <root url="file://$USER_HOME$/Projects/python/sensor_req/env/lib64/python3.6" type="simple" />
            <root url="file://$USER_HOME$/Projects/python/sensor_req/env/lib64/python3.6/lib-dynload" type="simple" />
            <root url="file:///usr/lib64/python3.6" type="simple" />
            <root url="file:///usr/lib/python3.6" type="simple" />
            <root url="file://$USER_HOME$/Projects/python/sensor_req/env/lib/python3.6/site-packages" type="simple" />
            <root url="file://$USER_HOME$/.PyCharmCE2018.3/system/python_stubs/-1386413565" type="simple" />
            <root url="file://$APPLICATION_HOME_DIR$/helpers/python-skeletons" type="simple" />
            <root url="file://$APPLICATION_HOME_DIR$/helpers/typeshed/stdlib/3" type="simple" />
            <root url="file://$APPLICATION_HOME_DIR$/helpers/typeshed/stdlib/2and3" type="simple" />
            <root url="file://$APPLICATION_HOME_DIR$/helpers/typeshed/third_party/3" type="simple" />
            <root url="file://$APPLICATION_HOME_DIR$/helpers/typeshed/third_party/2and3" type="simple" />
          </root>
        </classPath>
        <sourcePath>
          <root type="composite" />
        </sourcePath>
      </roots>
      <additional ASSOCIATED_PROJECT_PATH="$USER_HOME$/Projects/python/sensor_req/code" />
    </jdk>
  </component>
</application>