<application>
  <component name="PropertiesComponent">
    <property name="ExpandBeforeRunStepsPanel" value="true" />
    <property name="KEYMAP" value="find&#10;use" />
    <property name="LAST_INJECTED_LANGUAGE" value="Properties" />
    <property name="PACKAGE_FILTER" value="flask" />
    <property name="PyCharm.InitialConfiguration" value="true" />
    <property name="PyCharm.InitialConfiguration.V2" value="true" />
    <property name="PyCharm.InitialConfiguration.V3" value="true" />
    <property name="PyCharm.InitialConfiguration.V4" value="true" />
    <property name="PyCharm.InitialConfiguration.V5" value="true" />
    <property name="PyCharm.InitialConfiguration.V6" value="true" />
    <property name="PyCharm.InitialConfiguration.V7" value="true" />
    <property name="PyCharm.initialConfigurationShown" value="true" />
    <property name="SettingsSearchHistory" value="Tab,Indent&#10;save" />
    <property name="file.chooser.recent.files" value="$USER_HOME$/Projects/python/sensor_req/code&#10;/home/senaps/Projects/python&#10;/home/senaps/Projects/python/sensor_ui/code&#10;/home/senaps/Projects/python/avapot_core/code&#10;/home/senaps/Projects/python/avanetiface/code&#10;/home/senaps/Projects/python/avalogger/code&#10;/home/senaps/Projects/python/sensor_ui/env/bin/python3.6&#10;/home/senaps/Projects/python/captcha/code&#10;/home/senaps/Projects/python/sensor_req/env/bin/python3.6&#10;/home/senaps/Projects/python/avapot_core/env/bin/python2.7&#10;/home/senaps/Projects/python/web-console/env/bin/python3.6&#10;/home/senaps/Projects/python/web-console/code&#10;/home/senaps/Projects/python/sensor_ui/env/bin/python2.7" />
    <property name="file.gist.reindex.count" value="57008" />
    <property name="fileTypeChangedCounter" value="2" />
    <property name="lastTip" value="49" />
  </component>
  <component name="PyTestFrameworkService">
    <option name="SDK_TO_PYTEST">
      <map>
        <entry key="$USER_HOME$/Projects/python/avapot_core/env/bin/python2.7" value="false" />
        <entry key="$USER_HOME$/Projects/python/sensor_req/env/bin/python3.6" value="false" />
        <entry key="$USER_HOME$/Projects/python/sensor_ui/env/bin/python2.7" value="true" />
        <entry key="$USER_HOME$/Projects/python/sensor_ui/env/bin/python3.6" value="true" />
        <entry key="$USER_HOME$/Projects/python/web-console/env/bin/python3.6" value="true" />
      </map>
    </option>
    <option name="SDK_TO_NOSETEST">
      <map>
        <entry key="$USER_HOME$/Projects/python/avapot_core/env/bin/python2.7" value="false" />
        <entry key="$USER_HOME$/Projects/python/sensor_req/env/bin/python3.6" value="false" />
        <entry key="$USER_HOME$/Projects/python/sensor_ui/env/bin/python2.7" value="false" />
        <entry key="$USER_HOME$/Projects/python/sensor_ui/env/bin/python3.6" value="false" />
        <entry key="$USER_HOME$/Projects/python/web-console/env/bin/python3.6" value="false" />
      </map>
    </option>
    <option name="SDK_TO_TRIALTEST">
      <map>
        <entry key="$USER_HOME$/Projects/python/avapot_core/env/bin/python2.7" value="false" />
        <entry key="$USER_HOME$/Projects/python/sensor_req/env/bin/python3.6" value="false" />
        <entry key="$USER_HOME$/Projects/python/sensor_ui/env/bin/python2.7" value="false" />
        <entry key="$USER_HOME$/Projects/python/sensor_ui/env/bin/python3.6" value="false" />
        <entry key="$USER_HOME$/Projects/python/web-console/env/bin/python3.6" value="false" />
      </map>
    </option>
  </component>
</application>