<keymap version="1" name="Senaps Emacs Style" parent="Emacs">
  <action id="$Undo">
    <keyboard-shortcut first-keystroke="ctrl slash" />
    <keyboard-shortcut first-keystroke="ctrl z" />
  </action>
  <action id="CheckinProject" />
  <action id="Editor Undo">
    <keyboard-shortcut first-keystroke="ctrl z" />
  </action>
  <action id="EditorChooseLookupItem">
    <keyboard-shortcut first-keystroke="enter" />
  </action>
  <action id="EditorCloneCaretBelow">
    <keyboard-shortcut first-keystroke="ctrl i" />
  </action>
  <action id="EditorCodeBlockEnd">
    <keyboard-shortcut first-keystroke="alt e" />
  </action>
  <action id="EditorCodeBlockEndWithSelection">
    <keyboard-shortcut first-keystroke="shift alt e" />
  </action>
  <action id="EditorCodeBlockStart">
    <keyboard-shortcut first-keystroke="alt a" />
  </action>
  <action id="EditorCodeBlockStartWithSelection">
    <keyboard-shortcut first-keystroke="shift alt a" />
  </action>
  <action id="EditorCutLineBackward">
    <keyboard-shortcut first-keystroke="shift alt k" />
  </action>
  <action id="EditorCutLineEnd" />
  <action id="EditorDecreaseFontSize">
    <keyboard-shortcut first-keystroke="shift ctrl minus" />
  </action>
  <action id="EditorDeleteLine">
    <keyboard-shortcut first-keystroke="shift ctrl k" />
  </action>
  <action id="EditorDeleteToLineEnd">
    <keyboard-shortcut first-keystroke="ctrl k" />
  </action>
  <action id="EditorDeleteToLineStart">
    <keyboard-shortcut first-keystroke="alt k" />
  </action>
  <action id="EditorDuplicate">
    <keyboard-shortcut first-keystroke="ctrl alt y" />
  </action>
  <action id="EditorIncreaseFontSize">
    <keyboard-shortcut first-keystroke="shift ctrl equals" />
  </action>
  <action id="EditorLineEndWithSelection">
    <keyboard-shortcut first-keystroke="shift ctrl e" />
  </action>
  <action id="EditorLineStartWithSelection">
    <keyboard-shortcut first-keystroke="shift ctrl a" />
  </action>
  <action id="EditorPageUp">
    <keyboard-shortcut first-keystroke="page_up" />
    <keyboard-shortcut first-keystroke="alt v" />
  </action>
  <action id="EditorResetFontSize">
    <keyboard-shortcut first-keystroke="alt equals" />
  </action>
  <action id="EditorSelectWord" />
  <action id="ExecuteInPyConsoleAction" />
  <action id="ExpandAllRegions">
    <keyboard-shortcut first-keystroke="shift ctrl add" />
  </action>
  <action id="FindInPath">
    <keyboard-shortcut first-keystroke="shift ctrl s" />
  </action>
  <action id="FindNext">
    <keyboard-shortcut first-keystroke="f3" />
  </action>
  <action id="FindPrevious">
    <keyboard-shortcut first-keystroke="shift f3" />
    <keyboard-shortcut first-keystroke="alt r" />
  </action>
  <action id="FindUsages">
    <keyboard-shortcut first-keystroke="alt f7" />
  </action>
  <action id="ImplementMethods" />
  <action id="RecentChangedFiles" />
  <action id="Refactorings.QuickListPopupAction" />
  <action id="RenameElement">
    <keyboard-shortcut first-keystroke="ctrl r" />
  </action>
  <action id="Replace">
    <keyboard-shortcut first-keystroke="shift alt 5" />
    <keyboard-shortcut first-keystroke="alt s" />
  </action>
  <action id="ReplaceInPath">
    <keyboard-shortcut first-keystroke="shift alt s" />
  </action>
  <action id="Synchronize" />
  <action id="Vcs.Log.ShowAllAffected" />
  <action id="Vcs.Push" />
  <action id="VcsHistory.ShowAllAffected" />
  <action id="context.save" />
</keymap>