<profile version="1.0">
  <option name="myName" value="Default" />
  <inspection_tool class="AmdModulesDependencies" enabled="false" level="WEAK WARNING" enabled_by_default="false" />
  <inspection_tool class="Annotator" enabled="false" level="ERROR" enabled_by_default="false" />
  <inspection_tool class="AnonymousFunctionJS" enabled="false" level="WARNING" enabled_by_default="false" />
  <inspection_tool class="AnonymousGroup" enabled="false" level="WARNING" enabled_by_default="false" />
  <inspection_tool class="AppEngineDeprecatedRuntimeInspection" enabled="false" level="WARNING" enabled_by_default="false" />
  <inspection_tool class="AppEngineThreadsafeCGIHandlerInspection" enabled="false" level="WARNING" enabled_by_default="false" />
  <inspection_tool class="AppEngineThreadsafeInspection" enabled="false" level="WARNING" enabled_by_default="false" />
  <inspection_tool class="AssignmentResultUsedJS" enabled="false" level="WARNING" enabled_by_default="false" />
  <inspection_tool class="AssignmentToForLoopParameterJS" enabled="false" level="WARNING" enabled_by_default="false" />
  <inspection_tool class="AssignmentToFunctionParameterJS" enabled="false" level="WARNING" enabled_by_default="false" />
  <inspection_tool class="BadExpressionStatementJS" enabled="false" level="WARNING" enabled_by_default="false" />
  <inspection_tool class="BlockStatementJS" enabled="false" level="WARNING" enabled_by_default="false" />
  <inspection_tool class="BreakStatementJS" enabled="false" level="WARNING" enabled_by_default="false" />
  <inspection_tool class="BreakStatementWithLabelJS" enabled="false" level="WARNING" enabled_by_default="false" />
  <inspection_tool class="BuildoutUnresolvedPartInspection" enabled="false" level="WARNING" enabled_by_default="false" />
  <inspection_tool class="CallerJS" enabled="false" level="WARNING" enabled_by_default="false" />
  <inspection_tool class="ChainedEqualityJS" enabled="false" level="WARNING" enabled_by_default="false" />
  <inspection_tool class="ChainedFunctionCallJS" enabled="false" level="WARNING" enabled_by_default="false" />
  <inspection_tool class="CheckDtdRefs" enabled="false" level="ERROR" enabled_by_default="false" />
  <inspection_tool class="CheckEmptyScriptTag" enabled="false" level="WARNING" enabled_by_default="false" />
  <inspection_tool class="CheckImageSize" enabled="false" level="WARNING" enabled_by_default="false" />
  <inspection_tool class="CheckTagEmptyBody" enabled="false" level="WARNING" enabled_by_default="false" />
  <inspection_tool class="CheckValidXmlInScriptTagBody" enabled="false" level="ERROR" enabled_by_default="false" />
  <inspection_tool class="CheckXmlFileWithXercesValidator" enabled="false" level="ERROR" enabled_by_default="false" />
  <inspection_tool class="CoffeeScriptArgumentsOutsideFunction" enabled="false" level="WARNING" enabled_by_default="false" />
  <inspection_tool class="CoffeeScriptFunctionSignatures" enabled="false" level="WEAK WARNING" enabled_by_default="false" />
  <inspection_tool class="CoffeeScriptInfiniteLoop" enabled="false" level="WARNING" enabled_by_default="false" />
  <inspection_tool class="CoffeeScriptLiteralNotFunction" enabled="false" level="ERROR" enabled_by_default="false" />
  <inspection_tool class="CoffeeScriptSillyAssignment" enabled="false" level="WARNING" enabled_by_default="false" />
  <inspection_tool class="CoffeeScriptSwitchStatementWithNoDefaultBranch" enabled="false" level="WARNING" enabled_by_default="false" />
  <inspection_tool class="CoffeeScriptUnusedLocalSymbols" enabled="false" level="WARNING" enabled_by_default="false" />
  <inspection_tool class="CommaExpressionJS" enabled="false" level="WARNING" enabled_by_default="false" />
  <inspection_tool class="CommandLineInspection" enabled="false" level="WARNING" enabled_by_default="false" />
  <inspection_tool class="ComposeFileStructure" enabled="false" level="ERROR" enabled_by_default="false" />
  <inspection_tool class="ConditionalExpressionJS" enabled="false" level="WARNING" enabled_by_default="false" />
  <inspection_tool class="ConditionalExpressionWithIdenticalBranchesJS" enabled="false" level="WARNING" enabled_by_default="false" />
  <inspection_tool class="ConfusingFloatingPointLiteralJS" enabled="false" level="WARNING" enabled_by_default="false" />
  <inspection_tool class="ConfusingPlusesOrMinusesJS" enabled="false" level="WARNING" enabled_by_default="false" />
  <inspection_tool class="ConstantConditionalExpressionJS" enabled="false" level="WARNING" enabled_by_default="false" />
  <inspection_tool class="ConstantIfStatementJS" enabled="false" level="WARNING" enabled_by_default="false" />
  <inspection_tool class="ConstantOnLHSOfComparisonJS" enabled="false" level="WARNING" enabled_by_default="false" />
  <inspection_tool class="ConstantOnRHSOfComparisonJS" enabled="false" level="WARNING" enabled_by_default="false" />
  <inspection_tool class="ContinueOrBreakFromFinallyBlockJS" enabled="false" level="WARNING" enabled_by_default="false" />
  <inspection_tool class="ContinueStatementJS" enabled="false" level="WARNING" enabled_by_default="false" />
  <inspection_tool class="ContinueStatementWithLabelJS" enabled="false" level="WARNING" enabled_by_default="false" />
  <inspection_tool class="CssConvertColorToHexInspection" enabled="false" level="WARNING" enabled_by_default="false" />
  <inspection_tool class="CssConvertColorToRgbInspection" enabled="false" level="WARNING" enabled_by_default="false" />
  <inspection_tool class="CssFloatPxLength" enabled="false" level="WEAK WARNING" enabled_by_default="false" />
  <inspection_tool class="CssInvalidAtRule" enabled="false" level="ERROR" enabled_by_default="false" />
  <inspection_tool class="CssInvalidCharsetRule" enabled="false" level="WARNING" enabled_by_default="false" />
  <inspection_tool class="CssInvalidElement" enabled="false" level="ERROR" enabled_by_default="false" />
  <inspection_tool class="CssInvalidFunction" enabled="false" level="ERROR" enabled_by_default="false" />
  <inspection_tool class="CssInvalidHtmlTagReference" enabled="false" level="WARNING" enabled_by_default="false" />
  <inspection_tool class="CssInvalidImport" enabled="false" level="WARNING" enabled_by_default="false" />
  <inspection_tool class="CssInvalidMediaFeature" enabled="false" level="ERROR" enabled_by_default="false" />
  <inspection_tool class="CssInvalidPropertyValue" enabled="false" level="ERROR" enabled_by_default="false" />
  <inspection_tool class="CssInvalidPseudoSelector" enabled="false" level="ERROR" enabled_by_default="false" />
  <inspection_tool class="CssMissingComma" enabled="false" level="WARNING" enabled_by_default="false" />
  <inspection_tool class="CssMissingSemicolon" enabled="false" level="WARNING" enabled_by_default="false" />
  <inspection_tool class="CssNegativeValue" enabled="false" level="ERROR" enabled_by_default="false" />
  <inspection_tool class="CssNoGenericFontName" enabled="false" level="WARNING" enabled_by_default="false" />
  <inspection_tool class="CssOptimizeSimilarProperties" enabled="false" level="WEAK WARNING" enabled_by_default="false" />
  <inspection_tool class="CssOverwrittenProperties" enabled="false" level="WARNING" enabled_by_default="false" />
  <inspection_tool class="CssRedundantUnit" enabled="false" level="WARNING" enabled_by_default="false" />
  <inspection_tool class="CssUnitlessNumber" enabled="false" level="WARNING" enabled_by_default="false" />
  <inspection_tool class="CssUnknownProperty" enabled="false" level="WARNING" enabled_by_default="false" />
  <inspection_tool class="CssUnknownTarget" enabled="false" level="ERROR" enabled_by_default="false" />
  <inspection_tool class="CssUnresolvedClass" enabled="false" level="ERROR" enabled_by_default="false" />
  <inspection_tool class="CssUnresolvedCustomProperty" enabled="false" level="ERROR" enabled_by_default="false" />
  <inspection_tool class="CssUnresolvedCustomPropertySet" enabled="false" level="ERROR" enabled_by_default="false" />
  <inspection_tool class="CssUnusedSymbol" enabled="false" level="WARNING" enabled_by_default="false" />
  <inspection_tool class="CucumberExamplesColon" enabled="false" level="ERROR" enabled_by_default="false" />
  <inspection_tool class="CucumberMissedExamples" enabled="false" level="ERROR" enabled_by_default="false" />
  <inspection_tool class="CucumberTableInspection" enabled="false" level="WARNING" enabled_by_default="false" />
  <inspection_tool class="CucumberUndefinedStep" enabled="false" level="WARNING" enabled_by_default="false" />
  <inspection_tool class="CyclomaticComplexityJS" enabled="false" level="WARNING" enabled_by_default="false" />
  <inspection_tool class="DebuggerStatementJS" enabled="false" level="WARNING" enabled_by_default="false" />
  <inspection_tool class="DefaultNotLastCaseInSwitchJS" enabled="false" level="WARNING" enabled_by_default="false" />
  <inspection_tool class="DivideByZeroJS" enabled="false" level="WARNING" enabled_by_default="false" />
  <inspection_tool class="DjangoBrokenLineCommentInspection" enabled="false" level="WARNING" enabled_by_default="false" />
  <inspection_tool class="DjangoCloseTagInspection" enabled="false" level="WARNING" enabled_by_default="false" />
  <inspection_tool class="DjangoIncompatibleInspection" enabled="false" level="WARNING" enabled_by_default="false" />
  <inspection_tool class="DjangoOrmInspection" enabled="false" level="WARNING" enabled_by_default="false" />
  <inspection_tool class="DjangoRelationInspection" enabled="false" level="WARNING" enabled_by_default="false" />
  <inspection_tool class="DjangoUnresolvedFilterInspection" enabled="false" level="WARNING" enabled_by_default="false" />
  <inspection_tool class="DjangoUnresolvedLoadInspection" enabled="false" level="WARNING" enabled_by_default="false" />
  <inspection_tool class="DjangoUnresolvedStaticReferenceInspection" enabled="false" level="WARNING" enabled_by_default="false" />
  <inspection_tool class="DjangoUnresolvedTagInspection" enabled="false" level="WARNING" enabled_by_default="false" />
  <inspection_tool class="DjangoUnresolvedTemplateReferenceInspection" enabled="false" level="WARNING" enabled_by_default="false" />
  <inspection_tool class="DjangoUnresolvedUrlInspection" enabled="false" level="WEAK WARNING" enabled_by_default="false" />
  <inspection_tool class="DjangoUrlArgumentsInspection" enabled="false" level="WARNING" enabled_by_default="false" />
  <inspection_tool class="DockerFileArgumentCount" enabled="false" level="ERROR" enabled_by_default="false" />
  <inspection_tool class="DocumentWriteJS" enabled="false" level="WARNING" enabled_by_default="false" />
  <inspection_tool class="DuplicateAlternationBranch" enabled="false" level="WARNING" enabled_by_default="false" />
  <inspection_tool class="DuplicateCaseLabelJS" enabled="false" level="WARNING" enabled_by_default="false" />
  <inspection_tool class="DuplicateConditionJS" enabled="false" level="WARNING" enabled_by_default="false" />
  <inspection_tool class="DuplicateKeyInSection" enabled="false" level="WARNING" enabled_by_default="false" />
  <inspection_tool class="DuplicateSectionInFile" enabled="false" level="WARNING" enabled_by_default="false" />
  <inspection_tool class="DuplicatedBlockNamesInspection" enabled="false" level="WARNING" enabled_by_default="false" />
  <inspection_tool class="Duplicates" enabled="false" level="WEAK WARNING" enabled_by_default="false" />
  <inspection_tool class="DynamicallyGeneratedCodeJS" enabled="false" level="WARNING" enabled_by_default="false" />
  <inspection_tool class="ES6BindWithArrowFunction" enabled="false" level="WARNING" enabled_by_default="false" />
  <inspection_tool class="ES6ConvertModuleExportToExport" enabled="false" level="INFORMATION" enabled_by_default="false" />
  <inspection_tool class="ES6ConvertRequireIntoImport" enabled="false" level="INFORMATION" enabled_by_default="false" />
  <inspection_tool class="ES6ConvertToForOf" enabled="false" level="INFORMATION" enabled_by_default="false" />
  <inspection_tool class="ES6ConvertVarToLetConst" enabled="false" level="WARNING" enabled_by_default="false" />
  <inspection_tool class="ES6MissingAwait" enabled="false" level="INFORMATION" enabled_by_default="false" />
  <inspection_tool class="ES6ModulesDependencies" enabled="false" level="WEAK WARNING" enabled_by_default="false" />
  <inspection_tool class="ES6PossiblyAsyncFunction" enabled="false" level="WEAK WARNING" enabled_by_default="false" />
  <inspection_tool class="ES6ShorthandObjectProperty" enabled="false" level="INFORMATION" enabled_by_default="false" />
  <inspection_tool class="ES6UnusedImports" enabled="false" level="WARNING" enabled_by_default="false" />
  <inspection_tool class="ES6Validation" enabled="false" level="WARNING" enabled_by_default="false" />
  <inspection_tool class="EmptyAlternationBranch" enabled="false" level="WARNING" enabled_by_default="false" />
  <inspection_tool class="EmptyCatchBlockJS" enabled="false" level="WARNING" enabled_by_default="false" />
  <inspection_tool class="EmptyEventHandler" enabled="false" level="WARNING" enabled_by_default="false" />
  <inspection_tool class="EmptyFinallyBlockJS" enabled="false" level="WARNING" enabled_by_default="false" />
  <inspection_tool class="EmptyStatementBodyJS" enabled="false" level="WARNING" enabled_by_default="false" />
  <inspection_tool class="EmptyTryBlockJS" enabled="false" level="WARNING" enabled_by_default="false" />
  <inspection_tool class="EndBlockNamesInspection" enabled="false" level="WARNING" enabled_by_default="false" />
  <inspection_tool class="EscapedMetaCharacter" enabled="false" level="INFORMATION" enabled_by_default="false" />
  <inspection_tool class="Eslint" enabled="false" level="ERROR" enabled_by_default="false" />
  <inspection_tool class="ExceptionCaughtLocallyJS" enabled="false" level="WARNING" enabled_by_default="false" />
  <inspection_tool class="ExtendsTagPositionInspection" enabled="false" level="WARNING" enabled_by_default="false" />
  <inspection_tool class="FallThroughInSwitchStatementJS" enabled="false" level="WARNING" enabled_by_default="false" />
  <inspection_tool class="FlowJSConfig" enabled="false" level="WARNING" enabled_by_default="false" />
  <inspection_tool class="FlowJSCoverage" enabled="false" level="WEAK WARNING" enabled_by_default="false" />
  <inspection_tool class="FlowJSError" enabled="false" level="ERROR" enabled_by_default="false" />
  <inspection_tool class="FlowJSFlagCommentPlacement" enabled="false" level="WARNING" enabled_by_default="false" />
  <inspection_tool class="ForLoopReplaceableByWhileJS" enabled="false" level="WARNING" enabled_by_default="false" />
  <inspection_tool class="ForLoopThatDoesntUseLoopVariableJS" enabled="false" level="WARNING" enabled_by_default="false" />
  <inspection_tool class="FunctionNamingConventionJS" enabled="false" level="WARNING" enabled_by_default="false" />
  <inspection_tool class="FunctionWithInconsistentReturnsJS" enabled="false" level="WARNING" enabled_by_default="false" />
  <inspection_tool class="FunctionWithMultipleLoopsJS" enabled="false" level="WARNING" enabled_by_default="false" />
  <inspection_tool class="FunctionWithMultipleReturnPointsJS" enabled="false" level="WARNING" enabled_by_default="false" />
  <inspection_tool class="GherkinBrokenTableInspection" enabled="false" level="ERROR" enabled_by_default="false" />
  <inspection_tool class="GherkinMisplacedBackground" enabled="false" level="ERROR" enabled_by_default="false" />
  <inspection_tool class="GjsLint" enabled="false" level="WARNING" enabled_by_default="false" />
  <inspection_tool class="HamlNestedTagContent" enabled="false" level="WARNING" enabled_by_default="false" />
  <inspection_tool class="HtmlDeprecatedTag" enabled="false" level="WARNING" enabled_by_default="false" />
  <inspection_tool class="HtmlExtraClosingTag" enabled="false" level="WARNING" enabled_by_default="false" />
  <inspection_tool class="HtmlFormInputWithoutLabel" enabled="false" level="WARNING" enabled_by_default="false" />
  <inspection_tool class="HtmlMissingClosingTag" enabled="false" level="INFORMATION" enabled_by_default="false" />
  <inspection_tool class="HtmlNonExistentInternetResource" enabled="false" level="WARNING" enabled_by_default="false" />
  <inspection_tool class="HtmlPresentationalElement" enabled="false" level="WARNING" enabled_by_default="false" />
  <inspection_tool class="HtmlUnknownAnchorTarget" enabled="false" level="WARNING" enabled_by_default="false" />
  <inspection_tool class="HtmlUnknownAttribute" enabled="false" level="WARNING" enabled_by_default="false" />
  <inspection_tool class="HtmlUnknownBooleanAttribute" enabled="false" level="WARNING" enabled_by_default="false" />
  <inspection_tool class="HtmlUnknownTag" enabled="false" level="WARNING" enabled_by_default="false" />
  <inspection_tool class="HtmlUnknownTarget" enabled="false" level="WARNING" enabled_by_default="false" />
  <inspection_tool class="IfStatementWithIdenticalBranchesJS" enabled="false" level="WARNING" enabled_by_default="false" />
  <inspection_tool class="IfStatementWithTooManyBranchesJS" enabled="false" level="WARNING" enabled_by_default="false" />
  <inspection_tool class="IncompatibleMaskJS" enabled="false" level="WARNING" enabled_by_default="false" />
  <inspection_tool class="InconsistentLineSeparators" enabled="false" level="WARNING" enabled_by_default="false" />
  <inspection_tool class="IncrementDecrementResultUsedJS" enabled="false" level="WARNING" enabled_by_default="false" />
  <inspection_tool class="InfiniteLoopJS" enabled="false" level="WARNING" enabled_by_default="false" />
  <inspection_tool class="InfiniteRecursionJS" enabled="false" level="WARNING" enabled_by_default="false" />
  <inspection_tool class="InjectedReferences" enabled="false" level="ERROR" enabled_by_default="false" />
  <inspection_tool class="InnerHTMLJS" enabled="false" level="WARNING" enabled_by_default="false" />
  <inspection_tool class="JSAccessibilityCheck" enabled="false" level="WARNING" enabled_by_default="false" />
  <inspection_tool class="JSAnnotator" enabled="false" level="ERROR" enabled_by_default="false" />
  <inspection_tool class="JSBitwiseOperatorUsage" enabled="false" level="WARNING" enabled_by_default="false" />
  <inspection_tool class="JSCheckFunctionSignatures" enabled="false" level="WEAK WARNING" enabled_by_default="false" />
  <inspection_tool class="JSClassNamingConvention" enabled="false" level="WARNING" enabled_by_default="false" />
  <inspection_tool class="JSClosureCompilerSyntax" enabled="false" level="WARNING" enabled_by_default="false" />
  <inspection_tool class="JSCommentMatchesSignature" enabled="false" level="WARNING" enabled_by_default="false" />
  <inspection_tool class="JSComparisonWithNaN" enabled="false" level="WARNING" enabled_by_default="false" />
  <inspection_tool class="JSConsecutiveCommasInArrayLiteral" enabled="false" level="WARNING" enabled_by_default="false" />
  <inspection_tool class="JSConstructorReturnsPrimitive" enabled="false" level="WARNING" enabled_by_default="false" />
  <inspection_tool class="JSDeclarationsAtScopeStart" enabled="false" level="WEAK WARNING" enabled_by_default="false" />
  <inspection_tool class="JSDeprecatedSymbols" enabled="false" level="WEAK WARNING" enabled_by_default="false" />
  <inspection_tool class="JSDuplicatedDeclaration" enabled="false" level="WARNING" enabled_by_default="false" />
  <inspection_tool class="JSEqualityComparisonWithCoercion" enabled="false" level="WARNING" enabled_by_default="false" />
  <inspection_tool class="JSEqualityComparisonWithCoercion.TS" enabled="false" level="WARNING" enabled_by_default="false" />
  <inspection_tool class="JSFileReferences" enabled="false" level="WARNING" enabled_by_default="false" />
  <inspection_tool class="JSFunctionExpressionToArrowFunction" enabled="false" level="INFORMATION" enabled_by_default="false" />
  <inspection_tool class="JSHint" enabled="false" level="ERROR" enabled_by_default="false" />
  <inspection_tool class="JSIgnoredPromiseFromCall" enabled="false" level="WEAK WARNING" enabled_by_default="false" />
  <inspection_tool class="JSJQueryEfficiency" enabled="false" level="WARNING" enabled_by_default="false" />
  <inspection_tool class="JSLastCommaInArrayLiteral" enabled="false" level="WARNING" enabled_by_default="false" />
  <inspection_tool class="JSLastCommaInObjectLiteral" enabled="false" level="WARNING" enabled_by_default="false" />
  <inspection_tool class="JSLint" enabled="false" level="ERROR" enabled_by_default="false" />
  <inspection_tool class="JSMethodCanBeStatic" enabled="false" level="WARNING" enabled_by_default="false" />
  <inspection_tool class="JSMismatchedCollectionQueryUpdate" enabled="false" level="WARNING" enabled_by_default="false" />
  <inspection_tool class="JSNonASCIINames" enabled="false" level="WARNING" enabled_by_default="false" />
  <inspection_tool class="JSPotentiallyInvalidConstructorUsage" enabled="false" level="WARNING" enabled_by_default="false" />
  <inspection_tool class="JSPotentiallyInvalidTargetOfIndexedPropertyAccess" enabled="false" level="WARNING" enabled_by_default="false" />
  <inspection_tool class="JSPotentiallyInvalidUsageOfThis" enabled="false" level="WARNING" enabled_by_default="false" />
  <inspection_tool class="JSPrimitiveTypeWrapperUsage" enabled="false" level="WARNING" enabled_by_default="false" />
  <inspection_tool class="JSReferencingArgumentsOutsideOfFunction" enabled="false" level="ERROR" enabled_by_default="false" />
  <inspection_tool class="JSReferencingMutableVariableFromClosure" enabled="false" level="WARNING" enabled_by_default="false" />
  <inspection_tool class="JSStringConcatenationToES6Template" enabled="false" level="INFORMATION" enabled_by_default="false" />
  <inspection_tool class="JSSuspiciousNameCombination" enabled="false" level="WARNING" enabled_by_default="false" />
  <inspection_tool class="JSTypeOfValues" enabled="false" level="WARNING" enabled_by_default="false" />
  <inspection_tool class="JSUndeclaredVariable" enabled="false" level="WEAK WARNING" enabled_by_default="false" />
  <inspection_tool class="JSUndefinedPropertyAssignment" enabled="false" level="WEAK WARNING" enabled_by_default="false" />
  <inspection_tool class="JSUnfilteredForInLoop" enabled="false" level="WARNING" enabled_by_default="false" />
  <inspection_tool class="JSUnnecessarySemicolon" enabled="false" level="WARNING" enabled_by_default="false" />
  <inspection_tool class="JSUnresolvedExtXType" enabled="false" level="WARNING" enabled_by_default="false" />
  <inspection_tool class="JSUnresolvedFunction" enabled="false" level="WEAK WARNING" enabled_by_default="false" />
  <inspection_tool class="JSUnresolvedLibraryURL" enabled="false" level="WARNING" enabled_by_default="false" />
  <inspection_tool class="JSUnresolvedVariable" enabled="false" level="WEAK WARNING" enabled_by_default="false" />
  <inspection_tool class="JSUnusedAssignment" enabled="false" level="WARNING" enabled_by_default="false" />
  <inspection_tool class="JSUnusedGlobalSymbols" enabled="false" level="WARNING" enabled_by_default="false" />
  <inspection_tool class="JSUnusedLocalSymbols" enabled="false" level="WARNING" enabled_by_default="false" />
  <inspection_tool class="JSValidateJSDoc" enabled="false" level="WARNING" enabled_by_default="false" />
  <inspection_tool class="JSValidateTypes" enabled="false" level="WEAK WARNING" enabled_by_default="false" />
  <inspection_tool class="JSXNamespaceValidation" enabled="false" level="WEAK WARNING" enabled_by_default="false" />
  <inspection_tool class="Jscs" enabled="false" level="ERROR" enabled_by_default="false" />
  <inspection_tool class="JsonDuplicatePropertyKeys" enabled="false" level="WARNING" enabled_by_default="false" />
  <inspection_tool class="JsonStandardCompliance" enabled="false" level="ERROR" enabled_by_default="false" />
  <inspection_tool class="LabeledStatementJS" enabled="false" level="WARNING" enabled_by_default="false" />
  <inspection_tool class="LessResolvedByNameOnly" enabled="false" level="WEAK WARNING" enabled_by_default="false" />
  <inspection_tool class="LessUnresolvedMixin" enabled="false" level="WARNING" enabled_by_default="false" />
  <inspection_tool class="LessUnresolvedVariable" enabled="false" level="WARNING" enabled_by_default="false" />
  <inspection_tool class="LocalVariableNamingConventionJS" enabled="false" level="WARNING" enabled_by_default="false" />
  <inspection_tool class="LongLine" enabled="false" level="WARNING" enabled_by_default="false" />
  <inspection_tool class="LoopStatementThatDoesntLoopJS" enabled="false" level="WARNING" enabled_by_default="false" />
  <inspection_tool class="LossyEncoding" enabled="false" level="WARNING" enabled_by_default="false" />
  <inspection_tool class="MagicNumberJS" enabled="false" level="WARNING" enabled_by_default="false" />
  <inspection_tool class="MakoArgumentListInspection" enabled="false" level="WARNING" enabled_by_default="false" />
  <inspection_tool class="MysqlParsingInspection" enabled="false" level="WARNING" enabled_by_default="false" />
  <inspection_tool class="NegatedConditionalExpressionJS" enabled="false" level="WARNING" enabled_by_default="false" />
  <inspection_tool class="NegatedIfStatementJS" enabled="false" level="WARNING" enabled_by_default="false" />
  <inspection_tool class="NestedAssignmentJS" enabled="false" level="WARNING" enabled_by_default="false" />
  <inspection_tool class="NestedConditionalExpressionJS" enabled="false" level="WARNING" enabled_by_default="false" />
  <inspection_tool class="NestedFunctionCallJS" enabled="false" level="WARNING" enabled_by_default="false" />
  <inspection_tool class="NestedFunctionJS" enabled="false" level="WARNING" enabled_by_default="false" />
  <inspection_tool class="NestedSwitchStatementJS" enabled="false" level="WARNING" enabled_by_default="false" />
  <inspection_tool class="NestingDepthJS" enabled="false" level="WARNING" enabled_by_default="false" />
  <inspection_tool class="NonAsciiCharacters" enabled="false" level="WARNING" enabled_by_default="false" />
  <inspection_tool class="NonBlockStatementBodyJS" enabled="false" level="WARNING" enabled_by_default="false" />
  <inspection_tool class="NonShortCircuitBooleanExpressionJS" enabled="false" level="WARNING" enabled_by_default="false" />
  <inspection_tool class="NpmUsedModulesInstalled" enabled="false" level="WEAK WARNING" enabled_by_default="false" />
  <inspection_tool class="ObjectAllocationIgnoredJS" enabled="false" level="WARNING" enabled_by_default="false" />
  <inspection_tool class="OctalEscape" enabled="false" level="INFORMATION" enabled_by_default="false" />
  <inspection_tool class="OctalIntegerJS" enabled="false" level="WARNING" enabled_by_default="false" />
  <inspection_tool class="OverlyComplexArithmeticExpressionJS" enabled="false" level="WARNING" enabled_by_default="false" />
  <inspection_tool class="OverlyComplexBooleanExpressionJS" enabled="false" level="WARNING" enabled_by_default="false" />
  <inspection_tool class="ParameterNamingConventionJS" enabled="false" level="WARNING" enabled_by_default="false" />
  <inspection_tool class="ParametersPerFunctionJS" enabled="false" level="WARNING" enabled_by_default="false" />
  <inspection_tool class="PlatformDetectionJS" enabled="false" level="WARNING" enabled_by_default="false" />
  <inspection_tool class="PointlessArithmeticExpressionJS" enabled="false" level="WARNING" enabled_by_default="false" />
  <inspection_tool class="PointlessBitwiseExpressionJS" enabled="false" level="WARNING" enabled_by_default="false" />
  <inspection_tool class="PointlessBooleanExpressionJS" enabled="false" level="WARNING" enabled_by_default="false" />
  <inspection_tool class="ProblematicWhitespace" enabled="false" level="WARNING" enabled_by_default="false" />
  <inspection_tool class="Puppet3Deprecations" enabled="false" level="WARNING" enabled_by_default="false" />
  <inspection_tool class="Puppet4Deprecations" enabled="false" level="WARNING" enabled_by_default="false" />
  <inspection_tool class="PuppetMultipleHashSetParamsPerResourceInstance" enabled="false" level="ERROR" enabled_by_default="false" />
  <inspection_tool class="PuppetUnresolved" enabled="false" level="WARNING" enabled_by_default="false" />
  <inspection_tool class="PyAbstractClassInspection" enabled="false" level="WEAK WARNING" enabled_by_default="false" />
  <inspection_tool class="PyArgumentEqualDefaultInspection" enabled="false" level="WEAK WARNING" enabled_by_default="false" />
  <inspection_tool class="PyArgumentListInspection" enabled="false" level="WARNING" enabled_by_default="false" />
  <inspection_tool class="PyAssignmentToLoopOrWithParameterInspection" enabled="false" level="WEAK WARNING" enabled_by_default="false" />
  <inspection_tool class="PyAttributeOutsideInitInspection" enabled="false" level="WEAK WARNING" enabled_by_default="false" />
  <inspection_tool class="PyAugmentAssignmentInspection" enabled="false" level="WEAK WARNING" enabled_by_default="false" />
  <inspection_tool class="PyBDDParametersInspection" enabled="false" level="WARNING" enabled_by_default="false" />
  <inspection_tool class="PyBehaveInspection" enabled="false" level="WARNING" enabled_by_default="false" />
  <inspection_tool class="PyBroadExceptionInspection" enabled="false" level="WEAK WARNING" enabled_by_default="false" />
  <inspection_tool class="PyByteLiteralInspection" enabled="false" level="WARNING" enabled_by_default="false" />
  <inspection_tool class="PyCallByClassInspection" enabled="false" level="WEAK WARNING" enabled_by_default="false" />
  <inspection_tool class="PyCallingNonCallableInspection" enabled="false" level="WARNING" enabled_by_default="false" />
  <inspection_tool class="PyChainedComparisonsInspection" enabled="false" level="WEAK WARNING" enabled_by_default="false" />
  <inspection_tool class="PyClassHasNoInitInspection" enabled="false" level="WEAK WARNING" enabled_by_default="false" />
  <inspection_tool class="PyClassicStyleClassInspection" enabled="false" level="WARNING" enabled_by_default="false" />
  <inspection_tool class="PyComparisonWithNoneInspection" enabled="false" level="WEAK WARNING" enabled_by_default="false" />
  <inspection_tool class="PyCompatibilityInspection" enabled="false" level="WARNING" enabled_by_default="false" />
  <inspection_tool class="PyDecoratorInspection" enabled="false" level="WARNING" enabled_by_default="false" />
  <inspection_tool class="PyDefaultArgumentInspection" enabled="false" level="WARNING" enabled_by_default="false" />
  <inspection_tool class="PyDeprecationInspection" enabled="false" level="WARNING" enabled_by_default="false" />
  <inspection_tool class="PyDictCreationInspection" enabled="false" level="WEAK WARNING" enabled_by_default="false" />
  <inspection_tool class="PyDictDuplicateKeysInspection" enabled="false" level="WARNING" enabled_by_default="false" />
  <inspection_tool class="PyDocstringTypesInspection" enabled="false" level="WEAK WARNING" enabled_by_default="false" />
  <inspection_tool class="PyDunderSlotsInspection" enabled="false" level="WARNING" enabled_by_default="false" />
  <inspection_tool class="PyExceptClausesOrderInspection" enabled="false" level="WARNING" enabled_by_default="false" />
  <inspection_tool class="PyExceptionInheritInspection" enabled="false" level="WARNING" enabled_by_default="false" />
  <inspection_tool class="PyFromFutureImportInspection" enabled="false" level="WARNING" enabled_by_default="false" />
  <inspection_tool class="PyGlobalUndefinedInspection" enabled="false" level="WEAK WARNING" enabled_by_default="false" />
  <inspection_tool class="PyInconsistentIndentationInspection" enabled="false" level="WARNING" enabled_by_default="false" />
  <inspection_tool class="PyIncorrectDocstringInspection" enabled="false" level="WEAK WARNING" enabled_by_default="false" />
  <inspection_tool class="PyInitNewSignatureInspection" enabled="false" level="WARNING" enabled_by_default="false" />
  <inspection_tool class="PyInterpreterInspection" enabled="false" level="WARNING" enabled_by_default="false" />
  <inspection_tool class="PyListCreationInspection" enabled="false" level="WEAK WARNING" enabled_by_default="false" />
  <inspection_tool class="PyMandatoryEncodingInspection" enabled="false" level="WARNING" enabled_by_default="false" />
  <inspection_tool class="PyMethodFirstArgAssignmentInspection" enabled="false" level="WARNING" enabled_by_default="false" />
  <inspection_tool class="PyMethodMayBeStaticInspection" enabled="false" level="WEAK WARNING" enabled_by_default="false" />
  <inspection_tool class="PyMethodOverridingInspection" enabled="false" level="WARNING" enabled_by_default="false" />
  <inspection_tool class="PyMethodParametersInspection" enabled="false" level="WEAK WARNING" enabled_by_default="false" />
  <inspection_tool class="PyMissingConstructorInspection" enabled="false" level="WARNING" enabled_by_default="false" />
  <inspection_tool class="PyMissingOrEmptyDocstringInspection" enabled="false" level="WEAK WARNING" enabled_by_default="false" />
  <inspection_tool class="PyMissingTypeHintsInspection" enabled="false" level="WEAK WARNING" enabled_by_default="false" />
  <inspection_tool class="PyNamedTupleInspection" enabled="false" level="WARNING" enabled_by_default="false" />
  <inspection_tool class="PyNestedDecoratorsInspection" enabled="false" level="WEAK WARNING" enabled_by_default="false" />
  <inspection_tool class="PyNonAsciiCharInspection" enabled="false" level="WARNING" enabled_by_default="false" />
  <inspection_tool class="PyNoneFunctionAssignmentInspection" enabled="false" level="WEAK WARNING" enabled_by_default="false" />
  <inspection_tool class="PyOldStyleClassesInspection" enabled="false" level="WARNING" enabled_by_default="false" />
  <inspection_tool class="PyOverloadsInspection" enabled="false" level="WARNING" enabled_by_default="false" />
  <inspection_tool class="PyPackageRequirementsInspection" enabled="false" level="WARNING" enabled_by_default="false" />
  <inspection_tool class="PyPep8Inspection" enabled="false" level="WEAK WARNING" enabled_by_default="false" />
  <inspection_tool class="PyPep8NamingInspection" enabled="false" level="WEAK WARNING" enabled_by_default="false" />
  <inspection_tool class="PyPropertyAccessInspection" enabled="false" level="WARNING" enabled_by_default="false" />
  <inspection_tool class="PyPropertyDefinitionInspection" enabled="false" level="WARNING" enabled_by_default="false" />
  <inspection_tool class="PyProtectedMemberInspection" enabled="false" level="WEAK WARNING" enabled_by_default="false" />
  <inspection_tool class="PyRaisingNewStyleClassInspection" enabled="false" level="WARNING" enabled_by_default="false" />
  <inspection_tool class="PyRedeclarationInspection" enabled="false" level="WARNING" enabled_by_default="false" />
  <inspection_tool class="PyRedundantParenthesesInspection" enabled="false" level="WEAK WARNING" enabled_by_default="false" />
  <inspection_tool class="PyReturnFromInitInspection" enabled="false" level="WARNING" enabled_by_default="false" />
  <inspection_tool class="PySetFunctionToLiteralInspection" enabled="false" level="WARNING" enabled_by_default="false" />
  <inspection_tool class="PyShadowingBuiltinsInspection" enabled="false" level="WEAK WARNING" enabled_by_default="false" />
  <inspection_tool class="PyShadowingNamesInspection" enabled="false" level="WEAK WARNING" enabled_by_default="false" />
  <inspection_tool class="PySimplifyBooleanCheckInspection" enabled="false" level="WEAK WARNING" enabled_by_default="false" />
  <inspection_tool class="PySingleQuotedDocstringInspection" enabled="false" level="WEAK WARNING" enabled_by_default="false" />
  <inspection_tool class="PyStatementEffectInspection" enabled="false" level="WARNING" enabled_by_default="false" />
  <inspection_tool class="PyStringExceptionInspection" enabled="false" level="WARNING" enabled_by_default="false" />
  <inspection_tool class="PyStringFormatInspection" enabled="false" level="WARNING" enabled_by_default="false" />
  <inspection_tool class="PySuperArgumentsInspection" enabled="false" level="WARNING" enabled_by_default="false" />
  <inspection_tool class="PyTrailingSemicolonInspection" enabled="false" level="WARNING" enabled_by_default="false" />
  <inspection_tool class="PyTupleAssignmentBalanceInspection" enabled="false" level="WARNING" enabled_by_default="false" />
  <inspection_tool class="PyTupleItemAssignmentInspection" enabled="false" level="WARNING" enabled_by_default="false" />
  <inspection_tool class="PyTypeCheckerInspection" enabled="false" level="WARNING" enabled_by_default="false" />
  <inspection_tool class="PyUnboundLocalVariableInspection" enabled="false" level="WARNING" enabled_by_default="false" />
  <inspection_tool class="PyUnnecessaryBackslashInspection" enabled="false" level="WARNING" enabled_by_default="false" />
  <inspection_tool class="PyUnreachableCodeInspection" enabled="false" level="WARNING" enabled_by_default="false" />
  <inspection_tool class="PyUnresolvedReferencesInspection" enabled="false" level="WARNING" enabled_by_default="false" />
  <inspection_tool class="PyUnusedLocalInspection" enabled="false" level="WEAK WARNING" enabled_by_default="false" />
  <inspection_tool class="PyramidSetupInspection" enabled="false" level="WARNING" enabled_by_default="false" />
  <inspection_tool class="Query_bound_parameters" enabled="false" level="WARNING" enabled_by_default="false" />
  <inspection_tool class="Query_index_required" enabled="false" level="WARNING" enabled_by_default="false" />
  <inspection_tool class="Query_restricted" enabled="false" level="WARNING" enabled_by_default="false" />
  <inspection_tool class="RepeatedSpace" enabled="false" level="WARNING" enabled_by_default="false" />
  <inspection_tool class="ReplaceAssignmentWithOperatorAssignmentJS" enabled="false" level="WARNING" enabled_by_default="false" />
  <inspection_tool class="RequiredAttributes" enabled="false" level="WARNING" enabled_by_default="false" />
  <inspection_tool class="ReservedWordUsedAsNameJS" enabled="false" level="WARNING" enabled_by_default="false" />
  <inspection_tool class="RestRoleInspection" enabled="false" level="WARNING" enabled_by_default="false" />
  <inspection_tool class="Restricted_Python_calls" enabled="false" level="WARNING" enabled_by_default="false" />
  <inspection_tool class="ReturnFromFinallyBlockJS" enabled="false" level="WARNING" enabled_by_default="false" />
  <inspection_tool class="ReuseOfLocalVariableJS" enabled="false" level="WARNING" enabled_by_default="false" />
  <inspection_tool class="SSBasedInspection" enabled="false" level="WARNING" enabled_by_default="false" />
  <inspection_tool class="SassScssResolvedByNameOnly" enabled="false" level="WEAK WARNING" enabled_by_default="false" />
  <inspection_tool class="SassScssUnresolvedMixin" enabled="false" level="WARNING" enabled_by_default="false" />
  <inspection_tool class="SassScssUnresolvedPlaceholderSelector" enabled="false" level="WARNING" enabled_by_default="false" />
  <inspection_tool class="SassScssUnresolvedVariable" enabled="false" level="WARNING" enabled_by_default="false" />
  <inspection_tool class="ShiftOutOfRangeJS" enabled="false" level="WARNING" enabled_by_default="false" />
  <inspection_tool class="SillyAssignmentJS" enabled="false" level="WARNING" enabled_by_default="false" />
  <inspection_tool class="SingleCharAlternation" enabled="false" level="WARNING" enabled_by_default="false" />
  <inspection_tool class="SpellCheckingInspection" enabled="false" level="TYPO" enabled_by_default="false" />
  <inspection_tool class="SqlAddNotNullColumnInspection" enabled="false" level="WARNING" enabled_by_default="false" />
  <inspection_tool class="SqlAmbiguousColumnInspection" enabled="false" level="WARNING" enabled_by_default="false" />
  <inspection_tool class="SqlAutoIncrementDuplicateInspection" enabled="false" level="WARNING" enabled_by_default="false" />
  <inspection_tool class="SqlCheckUsingColumnsInspection" enabled="false" level="WARNING" enabled_by_default="false" />
  <inspection_tool class="SqlConstantConditionInspection" enabled="false" level="WARNING" enabled_by_default="false" />
  <inspection_tool class="SqlDeprecateTypeInspection" enabled="false" level="WARNING" enabled_by_default="false" />
  <inspection_tool class="SqlDerivedTableAliasInspection" enabled="false" level="WARNING" enabled_by_default="false" />
  <inspection_tool class="SqlDialectInspection" enabled="false" level="WARNING" enabled_by_default="false" />
  <inspection_tool class="SqlDropIndexedColumnInspection" enabled="false" level="WARNING" enabled_by_default="false" />
  <inspection_tool class="SqlIdentifierInspection" enabled="false" level="WARNING" enabled_by_default="false" />
  <inspection_tool class="SqlInsertValuesInspection" enabled="false" level="WARNING" enabled_by_default="false" />
  <inspection_tool class="SqlNoDataSourceInspection" enabled="false" level="WARNING" enabled_by_default="false" />
  <inspection_tool class="SqlNullComparisonInspection" enabled="false" level="WARNING" enabled_by_default="false" />
  <inspection_tool class="SqlPostgresqlSelectFromProcedureInspection" enabled="false" level="WARNING" enabled_by_default="false" />
  <inspection_tool class="SqlResolveInspection" enabled="false" level="WARNING" enabled_by_default="false" />
  <inspection_tool class="SqlShouldBeInGroupByInspection" enabled="false" level="WARNING" enabled_by_default="false" />
  <inspection_tool class="SqlSignatureInspection" enabled="false" level="WARNING" enabled_by_default="false" />
  <inspection_tool class="SqlStorageInspection" enabled="false" level="WARNING" enabled_by_default="false" />
  <inspection_tool class="SqlTypeInspection" enabled="false" level="WARNING" enabled_by_default="false" />
  <inspection_tool class="SqlUnusedVariableInspection" enabled="false" level="WARNING" enabled_by_default="false" />
  <inspection_tool class="StandardJS" enabled="false" level="ERROR" enabled_by_default="false" />
  <inspection_tool class="StatementsPerFunctionJS" enabled="false" level="WARNING" enabled_by_default="false" />
  <inspection_tool class="StringLiteralBreaksHTMLJS" enabled="false" level="WARNING" enabled_by_default="false" />
  <inspection_tool class="Stylelint" enabled="false" level="ERROR" enabled_by_default="false" />
  <inspection_tool class="SwitchStatementWithNoDefaultBranchJS" enabled="false" level="WARNING" enabled_by_default="false" />
  <inspection_tool class="SyntaxError" enabled="false" level="ERROR" enabled_by_default="false" />
  <inspection_tool class="TailRecursionJS" enabled="false" level="WARNING" enabled_by_default="false" />
  <inspection_tool class="TaskProblemsInspection" enabled="false" level="WEAK WARNING" enabled_by_default="false" />
  <inspection_tool class="TextLabelInSwitchStatementJS" enabled="false" level="WARNING" enabled_by_default="false" />
  <inspection_tool class="ThisExpressionReferencesGlobalObjectJS" enabled="false" level="WARNING" enabled_by_default="false" />
  <inspection_tool class="ThreeNegationsPerFunctionJS" enabled="false" level="WARNING" enabled_by_default="false" />
  <inspection_tool class="ThrowFromFinallyBlockJS" enabled="false" level="WARNING" enabled_by_default="false" />
  <inspection_tool class="TodoComment" enabled="false" level="WARNING" enabled_by_default="false" />
  <inspection_tool class="TrivialConditionalJS" enabled="false" level="WARNING" enabled_by_default="false" />
  <inspection_tool class="TrivialIfJS" enabled="false" level="WARNING" enabled_by_default="false" />
  <inspection_tool class="TsLint" enabled="false" level="ERROR" enabled_by_default="false" />
  <inspection_tool class="TypeScriptAccessibilityCheck" enabled="false" level="WEAK WARNING" enabled_by_default="false" />
  <inspection_tool class="TypeScriptCheckImport" enabled="false" level="ERROR" enabled_by_default="false" />
  <inspection_tool class="TypeScriptMissingAugmentationImport" enabled="false" level="INFORMATION" enabled_by_default="false" />
  <inspection_tool class="TypeScriptPreferShortImport" enabled="false" level="WARNING" enabled_by_default="false" />
  <inspection_tool class="TypeScriptUMDGlobal" enabled="false" level="WEAK WARNING" enabled_by_default="false" />
  <inspection_tool class="TypeScriptUnresolvedFunction" enabled="false" level="WEAK WARNING" enabled_by_default="false" />
  <inspection_tool class="TypeScriptUnresolvedVariable" enabled="false" level="WEAK WARNING" enabled_by_default="false" />
  <inspection_tool class="TypeScriptValidateJSTypes" enabled="false" level="WEAK WARNING" enabled_by_default="false" />
  <inspection_tool class="TypeScriptValidateTypes" enabled="false" level="ERROR" enabled_by_default="false" />
  <inspection_tool class="TypescriptExplicitMemberType" enabled="false" level="INFORMATION" enabled_by_default="false" />
  <inspection_tool class="UnnecessaryContinueJS" enabled="false" level="WARNING" enabled_by_default="false" />
  <inspection_tool class="UnnecessaryLabelJS" enabled="false" level="WARNING" enabled_by_default="false" />
  <inspection_tool class="UnnecessaryLabelOnBreakStatementJS" enabled="false" level="WARNING" enabled_by_default="false" />
  <inspection_tool class="UnnecessaryLabelOnContinueStatementJS" enabled="false" level="WARNING" enabled_by_default="false" />
  <inspection_tool class="UnnecessaryLocalVariableJS" enabled="false" level="WARNING" enabled_by_default="false" />
  <inspection_tool class="UnnecessaryReturnJS" enabled="false" level="WARNING" enabled_by_default="false" />
  <inspection_tool class="UnreachableCodeJS" enabled="false" level="WARNING" enabled_by_default="false" />
  <inspection_tool class="UnresolvedReference" enabled="false" level="ERROR" enabled_by_default="false" />
  <inspection_tool class="UnterminatedStatementJS" enabled="false" level="WARNING" enabled_by_default="false" />
  <inspection_tool class="UnusedCatchParameterJS" enabled="false" level="WARNING" enabled_by_default="false" />
  <inspection_tool class="UnusedDefine" enabled="false" level="WARNING" enabled_by_default="false" />
  <inspection_tool class="VoidExpressionJS" enabled="false" level="WARNING" enabled_by_default="false" />
  <inspection_tool class="WebpackConfigHighlighting" enabled="false" level="WARNING" enabled_by_default="false" />
  <inspection_tool class="WithStatementJS" enabled="false" level="WARNING" enabled_by_default="false" />
  <inspection_tool class="XHTMLIncompatabilitiesJS" enabled="false" level="WARNING" enabled_by_default="false" />
  <inspection_tool class="XmlDefaultAttributeValue" enabled="false" level="WARNING" enabled_by_default="false" />
  <inspection_tool class="XmlDuplicatedId" enabled="false" level="ERROR" enabled_by_default="false" />
  <inspection_tool class="XmlHighlighting" enabled="false" level="ERROR" enabled_by_default="false" />
  <inspection_tool class="XmlInvalidId" enabled="false" level="ERROR" enabled_by_default="false" />
  <inspection_tool class="XmlPathReference" enabled="false" level="ERROR" enabled_by_default="false" />
  <inspection_tool class="XmlUnboundNsPrefix" enabled="false" level="WARNING" enabled_by_default="false" />
  <inspection_tool class="XmlUnusedNamespaceDeclaration" enabled="false" level="WARNING" enabled_by_default="false" />
  <inspection_tool class="XmlWrongRootElement" enabled="false" level="ERROR" enabled_by_default="false" />
</profile>